1,2.3075,0.00945435180999726,0.487416754956442,1.34134091248692,0.466407678471948,0.322213869060314,0.772024666307134,0.417695810305044,0.219062205492648,0.44093232829866,0.334553902225106,0.200517618397821,0.30428309463697,0.302079923301772,0.243024456538682,0.300665978317998,0.334778135381835,0.323156387351609,0.360427422824754,0.398392550088191,0.406494207561694,0.429894638955918,0.457146784763033,0.466516815856007,0.477261322708543,0.490152990433927,0.493077386018422,0.493382302108564,0.494541511886698,0.490911668820679,0.484941324577425,0.479678717662881,0.472933435095009,0.465322073823602,0.458794958556743,0.452655771929291,0.446872728769149,0.442431041548045,0.439118438332558,0.436680857646205,0.435461436287314,0.435330755682167,0.435982376167718,0.437421221606226,0.439510711797381,0.441981157942628,0.444720026024568,0.447608014252727,0.45046093745138,0.453176673820669,0.455688518650108,0.457910264975605,0.459799735715374,0.461351580633801,0.462559722530895,0.463439230188184,0.464028652821189,0.464367767740485,0.464501945540967,0.464485141597535,0.464368211935375,0.464197885108915,0.464019038737208,0.46386964643794,0.463779407301455,0.463771679709679,0.463862238184449,0.464058947228712,0.464363595481081,0.464772492061712,0.465276991007366,0.465865105207101,0.466522633309962,0.467233925650699,0.467983041026392,0.46875465960482,0.469534617800881,0.470310484496161,0.471071979794068,0.471811105055552,0.472522202241815,0.4732019197201,0.47384900990727,0.47446406814265,0.475049243741549,0.475607891722139,0.47614421692373,0.476662944103069,0.477169002311112,0.477667243294132,0.478162213777394,0.478657974539702,0.479157968098146,0.479664940677522,0.480180910397866,0.480707174811936,0.48124435471015,0.481792465474412,0.482351006984442,0.482919066219849,0.483495425407016,0.484078668669383,0.484667282626406,0.485259746959013,0.485854611500725,0.486450558200109,0.487046447277778,0.487641347452726,0.488234551154675,0.488825576319103,0.4894141566148,0.490000222323178,0.490583874286718,0.491165353245719,0.491745006775172,0.492323255862807,0.492900562848029,0.493477402108755,0.494054234560064,0.494631486667121
0,0.94922,-0.085916303000002,0.230470188996625,0.529114360104206,0.182383715270799,0.109102208634269,0.270929006265186,0.136163237413754,0.0601566634134975,0.15104903997245,0.119564087898479,0.0777035017063938,0.127873878021258,0.138756192280952,0.12703597267217,0.159088170947768,0.181439995831863,0.184634912068893,0.204784629713095,0.223763111052708,0.229650362954623,0.239771364325616,0.25011146937101,0.252483270446455,0.254423470294318,0.2565644281509,0.254496210870436,0.251210003725614,0.248273195611429,0.243700915441277,0.238539792837742,0.234067759600854,0.229517083973038,0.225140886648059,0.221687999414325,0.218871540601211,0.216627846777583,0.215272598774033,0.214656966224754,0.214606352309314,0.215175663080105,0.216245017242876,0.21763133038383,0.219279503647273,0.221092089987626,0.222931085191864,0.224729482616822,0.226429072749935,0.227956344827703,0.229277331054376,0.230378807327112,0.231245316870019,0.231881659248345,0.232308829864563,0.232548118373828,0.232628094891089,0.232584593494933,0.232451404707407,0.232261327654119,0.232047053437526,0.231836618582003,0.231653070633249,0.231515604930306,0.231438016658734,0.231428613237083,0.231491457568914,0.231626418301984,0.231829542206722,0.232094222427863,0.232411845317142,0.232772336004101,0.233165047449905,0.233579390573729,0.234005248664756,0.23443347101675,0.234856213544078,0.235267081872919,0.235661248441188,0.236035480543473,0.23638803907872,0.236718541474945,0.237027790152531,0.237317545416025,0.237590290496045,0.237849005492962,0.238096940966061,0.238337412061978,0.238573626131678,0.238808538154652,0.239044739251011,0.23928438309207,0.239529144252081,0.239780205656975,0.24003827382607,0.240303615531053,0.240576110219944,0.240855314439899,0.241140532834532,0.241430890677601,0.241725404627988,0.242023048399342,0.242322810517941,0.242623742679637,0.242924997757793,0.24322585695743,0.24352574645557,0.243824244334562,0.24412107884806,0.244416119421922,0.244709361971345,0.245000910093939,0.245290953695827,0.245579746526968,0.2458675839035,0.24615478169705,0.246441657461316,0.246728514316121,0.247015627975546,0.24730323710011,0.247591536955594
0,1.5381,-0.666290545400001,-0.0620894300077406,0.791830700669279,-0.0650111433170449,-0.131083195954035,0.393166816639301,0.084935049871251,-0.0506605442534253,0.227116212786046,0.158164986542612,0.0605006711109177,0.193387613918644,0.205000166383749,0.153617875838921,0.21352914748063,0.240500673167738,0.216776446010201,0.239448011848524,0.259116951140341,0.247438676016166,0.251698380898761,0.260266729063225,0.252334370543907,0.248380897368648,0.249113005939585,0.242524878628183,0.236331112951493,0.233740602079857,0.228764371439854,0.223683511664938,0.221130320525449,0.218420767832192,0.215813571824515,0.214857743686398,0.21444063229589,0.214227534137704,0.214946411695541,0.216156375288371,0.217464353139526,0.219138333496711,0.221011104343534,0.222796336064006,0.224564777890765,0.226268099325288,0.227749047440037,0.229024484382087,0.230105429407061,0.230935365161645,0.231533530483883,0.231939861533693,0.232157569076936,0.232216394692506,0.232163085461914,0.232024083787381,0.231829620147003,0.23161742796169,0.231412684406392,0.231235620383092,0.231107236975989,0.231040253302455,0.231040955775006,0.231113843924263,0.231258473488009,0.231469783125549,0.231741242086062,0.232064311026692,0.232428513485067,0.232823311166059,0.233238385770145,0.233663639737987,0.234090118121621,0.234510298827281,0.23491797329985,0.235308522966293,0.2356789793152,0.236027783554055,0.236354697680097,0.236660674588433,0.236947568960859,0.237217912741019,0.23747472169207,0.237721247799714,0.23796077462553,0.238196466721703,0.238431221835068,0.238667559592798,0.238907560872283,0.239152828472607,0.239404474570095,0.239663142367805,0.239929045013065,0.240202017294,0.240481582020106,0.240767021580624,0.24105744889889,0.241351877595789,0.241649286818693,0.24194867703194,0.242249116809975,0.242549779503556,0.242849968669382,0.243149133259364,0.243446873477869,0.243742937991956,0.244037214120858,0.244329712694817,0.244620548943457,0.244909921003396,0.24519808757665,0.245485345902896,0.245772011091799,0.246058397699307,0.24634480410339,0.246631500024052,0.246918717365275,0.247206644330302,0.24749542260013,0.247785147266851,0.248075869110752
0,1.1784,0.0996415679999987,0.0435600135781596,0.564528770761579,0.271784413170361,0.0441611339963337,0.293344260419955,0.223899447706658,0.0742627098074001,0.179128760678908,0.18511986122187,0.108537876223783,0.150911551662329,0.177992010228904,0.149298315490579,0.168998851624607,0.195770122878159,0.190650030253423,0.201138949404286,0.220355229969957,0.222931936847994,0.227877060491143,0.238312449566657,0.240602811878315,0.241195240907756,0.244472342795789,0.244123288700589,0.241764008692741,0.240659336224879,0.238322233989709,0.23481613493377,0.232087226187349,0.229348157139505,0.226301299680296,0.223929300426844,0.222059818472571,0.220384053395316,0.21930116551901,0.218790854286567,0.218605309116666,0.218840684174143,0.219480899959641,0.220344556140038,0.221403300825039,0.222628080074646,0.223900450879513,0.225167082908895,0.226403982327045,0.227549423681949,0.228569229950639,0.229458095956499,0.230199129033544,0.230786531221644,0.23123380155621,0.231552154569794,0.231755591295329,0.231867382049563,0.231909646972127,0.23190267071901,0.231868750205606,0.231827808124264,0.231795813252563,0.231786944094612,0.231812260910085,0.231878740380786,0.231990618238422,0.23214945917404,0.23235391153817,0.232600642335509,0.232884881783181,0.233200570865142,0.233540999288223,0.233899337855869,0.234268852444016,0.234643256546207,0.23501702772963,0.235385508246358,0.235745003427015,0.236092860935881,0.236427425145482,0.236747959464258,0.23705456431342,0.237348040580805,0.237629735900865,0.23790140343453,0.238165052956919,0.238422806760411,0.238676779756438,0.238928975852021,0.239181201877322,0.239435007822184,0.239691648931536,0.239952066129262,0.240216886403435,0.240486439321221,0.240760784860289,0.241039750907669,0.241322977146986,0.241609961273911,0.241900105401844,0.242192760530319,0.242487266690424,0.242782987553795,0.243079338791375,0.2433758095037,0.243671976705287,0.243967513297105,0.244262190031468,0.244555872253963,0.244848512430637,0.245140139444857,0.245430845664102,0.2457207727866,0.246010097355366,0.246299016700379,0.246587735958604,0.24687645666074,0.24716536721214,0.247454635462697,0.247744403425421
0,1.6189,-0.241253959400002,0.0308194732172954,0.747485164741391,0.158882682687784,-0.0208959510835158,0.368564837202676,0.166255276720462,0.00213391303193308,0.190801167112173,0.153391465987379,0.0564950244951399,0.143456452755336,0.163386639698592,0.121404947928057,0.163455885698663,0.19445513451832,0.182806166088012,0.203469997870451,0.227926189424029,0.22734665132818,0.235806383511895,0.249239313972106,0.249404765801051,0.250034925269547,0.253979147993253,0.251676703588346,0.247881385634001,0.246107848414467,0.242034773376689,0.236895739537847,0.233192353463091,0.229229971439482,0.22504135978714,0.222028165182965,0.2196051090431,0.217479544905062,0.216279362220069,0.215802741622591,0.215728137813129,0.216247641980334,0.217265110031089,0.218522516314247,0.220020193286931,0.221695431165135,0.223377860576608,0.22501966443822,0.226587739017617,0.227995672707204,0.229212888953942,0.230238949592578,0.231052256438867,0.231654418722434,0.232070236646559,0.232316609365128,0.232416936947202,0.232406223104611,0.232314646159123,0.232170352187972,0.232003950626137,0.23184101583223,0.231701630682122,0.23160354217182,0.231559536877238,0.231576821543336,0.231659207577423,0.231806821071197,0.232015998141904,0.23228080777602,0.232593610555212,0.232945282832953,0.233326199322669,0.233726854197443,0.234138096685439,0.23455163318129,0.234960386861065,0.235358564353207,0.235741772055936,0.236107076073642,0.236452886292225,0.236778829569351,0.237085613789031,0.237374814780469,0.237648658943355,0.237909827936673,0.238161252272561,0.238405921209114,0.238646730412363,0.238886351182183,0.239127127000307,0.239371007887856,0.239619512890344,0.239873717124841,0.240134265470424,0.240401405784178,0.240675035440188,0.240954759304677,0.2412399539891,0.241529833077799,0.241823510948044,0.242120062260252,0.242418574138898,0.242718189901169,0.243018143587092,0.243317784622498,0.243616592964117,0.243914185537244,0.244210314811874,0.244504860776981,0.244797817790606,0.245089277680403,0.245379410487803,0.24566844421641,0.245956644731107,0.246244296775133,0.246531686905728,0.246819088910996,0.247106752053769,0.247394892312857,0.247683686610229
0,1.3212,-0.710763056199998,0.295544439960945,0.799152880218483,-0.0536786273788914,0.0664534379246672,0.409000347090623,0.0530195109152905,0.0113173430018791,0.222763794812302,0.102101839880312,0.0467880370062714,0.162775512593666,0.144590642659938,0.113480292739787,0.176383455350607,0.191991852726957,0.18054996676431,0.213000629645425,0.232004979200647,0.228866254324399,0.242704382162908,0.25429719669074,0.251775205171763,0.254194710118077,0.257398392969729,0.253028420692735,0.249423515065219,0.247259038613486,0.241872624412845,0.236478657006759,0.232610549932301,0.228002545220855,0.223635190640438,0.220671696397936,0.218090492244221,0.215990383733369,0.214994647445014,0.214637014577714,0.214727897069817,0.215504269016669,0.216731023249242,0.218179617102429,0.219891124004141,0.221739715800901,0.223553881216751,0.225314137991715,0.226964970477084,0.228415279506144,0.229653225573481,0.230675073213273,0.231457667618876,0.232014859491861,0.232375041708592,0.232555943013433,0.232588387423401,0.232511640150826,0.232356984370761,0.232156151773952,0.231942213525024,0.23174085815694,0.23157290293787,0.231456474384544,0.231403357914881,0.231419797335251,0.231508647305314,0.231668476110328,0.231894076325199,0.232178182391801,0.232511721662119,0.232884263785899,0.23328517116789,0.233704068107647,0.234131122494212,0.234557634294793,0.234976310072124,0.235381302669569,0.235768350023509,0.236134778980645,0.236479343483696,0.23680208930373,0.237104180869586,0.237387649927628,0.237655164470132,0.237909813832006,0.238154881350427,0.238393648125633,0.238629236658399,0.238864475685397,0.239101800189529,0.239343192256398,0.239590149651102,0.239843682029133,0.240104335258507,0.240372234158501,0.240647138676075,0.240928511271158,0.241215588895186,0.241507454659087,0.241803106967955,0.242101522605568,0.242401711000827,0.242702758874767,0.243003864437197,0.243304360669204,0.243603728396721,0.243901600093985,0.24419775544983,0.244492110229527,0.244784700058105,0.245075660620619,0.245365205822214,0.245653605347445,0.245941162799402,0.246228195420741,0.246515016195027,0.246801918854633,0.247089166101097,0.247376981154442,0.247665542550711
0,1.0478,-0.253083580710001,-0.0151711663579109,0.568711138150106,0.181305149288572,0.0506339936638616,0.356531034467196,0.233377011119514,0.115242464242357,0.259145452645718,0.240704076490935,0.164624013444476,0.221605723992203,0.232385289236218,0.192400306276896,0.212355587834859,0.226586523248216,0.208490994383254,0.213893147824487,0.224408871796175,0.217555445459451,0.218114775805444,0.224327183249068,0.222285373100566,0.221571061262452,0.224669806205291,0.224286042913668,0.223430429137939,0.224688547670748,0.224702253242337,0.224027013476415,0.224397414355491,0.224462801729388,0.224054368795676,0.224131398135857,0.224240625586725,0.224109468544497,0.224198198003917,0.224400269586894,0.224508759916547,0.224713977397082,0.22501741815763,0.225293071275911,0.225604167300523,0.225972651381227,0.226330953124586,0.226691522029128,0.227072479783462,0.227441726358314,0.227796560275281,0.228148720141592,0.228485707497497,0.228803566630059,0.229109928299935,0.229402159739646,0.229678673409359,0.229944819806078,0.230202099168173,0.230450890927825,0.230694948778362,0.230936693040168,0.231177136578833,0.231418559096434,0.231662750504728,0.231910372479813,0.232162353157698,0.232419402795925,0.232681497186898,0.232948545072824,0.233220371083171,0.233496421712454,0.233776062956709,0.234058683412915,0.234343556642463,0.234629960433199,0.234917271368044,0.235204905322081,0.235492351798765,0.235779227359408,0.236065245124766,0.236350209925755,0.236634035601036,0.236916722648237,0.237198338642573,0.237479014992728,0.237758928445316,0.238038280720677,0.238317288992801,0.238596172916715,0.238875140568317,0.239154381350225,0.239434060031987,0.239714310877758,0.239995235961272,0.240276905482939,0.240559358477015,0.240842605598948,0.241126633224468,0.241411407576572,0.241696879402003,0.241982988961871,0.242269670548152,0.242556856624444,0.242844481581163,0.243132484736285,0.243420812607196,0.243709420555536,0.243998273714712,0.244287347260638,0.244576626173425,0.24486610454071,0.245155784492113,0.245445674905211,0.245735789971401,0.246026147702071,0.246316768472797,0.246607673671638,0.246898884495608,0.2471904209387,0.247482300994641
0,0.45994,-0.304827415639998,0.125070397780742,0.366608045138774,0.0690861651191907,0.0615806802630272,0.223259450969745,0.119308212272873,0.0939061061324507,0.191398018643368,0.170393654295883,0.151250221147529,0.203340414678016,0.210728349598481,0.201438430371769,0.227073467470551,0.238112486485594,0.233312127303126,0.243011315907501,0.249278974013828,0.245023768731163,0.245755614102791,0.246685881547153,0.241959369968442,0.238656821444365,0.236558335669206,0.232108835729106,0.228155026407022,0.225551166326174,0.222435610105249,0.219729124191158,0.218190357361672,0.216914279007252,0.216037269958526,0.215989724339353,0.216336591037501,0.216953548155642,0.218016311793242,0.219310928017992,0.220675871891945,0.222156405073913,0.223651724913363,0.225045398703943,0.226342572225348,0.227509770319509,0.228491654892014,0.229296775686439,0.229932958888067,0.230392521559797,0.230696800720399,0.230873764443722,0.230940829986618,0.230924888339375,0.230856579458061,0.230758371187632,0.23065248406296,0.230560933873268,0.230499061142194,0.230478413942019,0.230508370281416,0.23059339922478,0.230734189582055,0.230929372456568,0.231174799299929,0.231464127625105,0.231790156291213,0.232144916385063,0.232520015711872,0.232907466889795,0.233299916522749,0.23369077721783,0.234074594170616,0.234447138660996,0.234805348781053,0.23514736548572,0.235472460708978,0.235780858469887,0.236073598443443,0.23635237736049,0.236619344491945,0.236876929105263,0.237127687484875,0.237374147577551,0.237618685552381,0.237863435633022,0.238110216943652,0.238360488164185,0.23861533162074,0.238875455154895,0.23914121179818,0.239412636706625,0.239689493308722,0.239971325305583,0.240257513007623,0.240547329127425,0.240839991000789,0.241134708207001,0.241430723448039,0.241727345302675,0.242023972928593,0.242320112601222,0.242615386249304,0.242909532965435,0.243202404495032,0.243493955701039,0.243784231306851,0.24407335017915,0.244361488241507,0.244648861096691,0.244935707299701,0.245222272992266,0.245508798462379,0.245795507028516,0.246082596444488,0.246370232871556,0.246658547341701,0.246947634511182,0.24723755341861,0.247528329911853,0.24781996037098
0,1.2278,-0.0761432863200003,-0.0730751788035781,0.445023845987244,0.192394147469555,0.000212026015901066,0.259525980518183,0.195267436965131,0.0710410575022127,0.1925973710041,0.205198075776418,0.139513055421403,0.188819439873828,0.216757306431462,0.189643771759207,0.208995462012879,0.23145725707411,0.221842370232317,0.227604296771721,0.240566840433402,0.237016507541162,0.236481654694462,0.241449711811654,0.238926712675604,0.23576824923908,0.235995278313472,0.233420133801872,0.229834116440854,0.228252788397855,0.226085705726045,0.22339567101866,0.221934571408762,0.220754826340678,0.21948869900116,0.218982071069211,0.218934170542722,0.218974070046888,0.219430781666775,0.22022016599839,0.221073864266046,0.222078138440042,0.223212315195382,0.224314112196413,0.225384376944856,0.226424510665535,0.227355152244428,0.228165370045313,0.228870054285758,0.229445260914635,0.229891953420318,0.230233543802145,0.230476340003013,0.230632511703886,0.230726973971908,0.230776592468936,0.230796338560835,0.23080589691323,0.23082013639515,0.230849643635053,0.230905221609088,0.230994289241906,0.231120237559797,0.231285171932004,0.231489054531683,0.231729220016809,0.232001971461069,0.232302752180534,0.232625963199005,0.232965833501815,0.233316793768726,0.233673427067972,0.234030864151879,0.234385033526939,0.234732601696317,0.235071063419385,0.235398807626476,0.235715002564194,0.236019518267758,0.236312865347137,0.236596050924501,0.236870444336205,0.237137673163891,0.237399496846826,0.237657691149338,0.237913965320469,0.238169886082938,0.238426815979837,0.23868587920451,0.238947942121797,0.239213606259016,0.239483219095057,0.239756895810754,0.240034547355206,0.240315915827696,0.240600613393176,0.240888160790947,0.24117802501935,0.241469654426764,0.241762508976255,0.2420560854347,0.242349937182172,0.24264368801762,0.242937040329904,0.243229778244247,0.243521766143551,0.243812943354108,0.244103315946737,0.244392946419511,0.244681942079721,0.244970442959689,0.245258609915988,0.245546613460396,0.245834623798246,0.246122802385778,0.246411295187111,0.246700227723326,0.246989701892931,0.247279794448754,0.24757055696198,0.247862017053494
0,1.3987,0.125421059999999,-0.0968598241264232,0.54119908280715,0.268963094038426,-0.0595414963795644,0.226230963815533,0.178553953372946,-0.0156066265550748,0.108799284697674,0.142960550879021,0.0555566965612344,0.108219588301963,0.158039071051592,0.132465743624674,0.159216377483386,0.200590431891149,0.200426625067199,0.21417588119072,0.240176721972489,0.244958490523272,0.249441058950381,0.260710825236171,0.261923733828849,0.259564974855765,0.26042347323284,0.257195137773679,0.251152862577226,0.246832758034134,0.241580340586207,0.235135726304698,0.230011467001337,0.225458261487345,0.220931157159414,0.217590706476961,0.215292361300834,0.21354002047933,0.212728085226752,0.212820013267412,0.213430758577192,0.214592734452968,0.216255172128952,0.218148745919977,0.220187353518541,0.222317090893016,0.224378363598689,0.226290222838572,0.22802579667494,0.22951908637645,0.230737382470923,0.231691123428676,0.232380632028756,0.232818069728249,0.233040359680471,0.233081874822889,0.232977231858085,0.232770089914829,0.232500621722068,0.232203180262644,0.231911393654946,0.231653454256697,0.231449875543416,0.231316527792612,0.231263751926855,0.231295408465599,0.231410914502218,0.231605933392137,0.231872405089116,0.232199976453667,0.232577030375146,0.232991073607821,0.233429629142791,0.233881005804232,0.234334592229795,0.234781242148305,0.235213605098724,0.235626156133353,0.236015182699769,0.236378747590601,0.236716496930536,0.237029422904063,0.237319634993729,0.237590082038826,0.237844266968157,0.238085997854006,0.238319152508276,0.238547467608093,0.238774376384721,0.239002884376793,0.239235480331756,0.239474090333309,0.23972006752018,0.239974209288054,0.240236801050542,0.240507679839876,0.240786309453409,0.241071863278226,0.241363309776442,0.241659494799785,0.241959217633299,0.242261298271907,0.242564633334365,0.242868239645661,0.243171285422088,0.243473109134334,0.243773226944903,0.244071330214804,0.244367274616595,0.244661062622915,0.244952821316511,0.245242777314114,0.245531230462105,0.245818527836576,0.24610503930149,0.246391135594556,0.246677169668665,0.246963461736182,0.247250288197409,0.247537874426099,0.247826391196107
0,1.3403,-0.6287488306,-0.0762512143266485,0.752877661288994,0.0193880860439025,-0.0434615315203733,0.416775663739144,0.156766097462419,0.0359603549300669,0.274896254122848,0.210747194477134,0.117638269765329,0.226239297136606,0.229817042691699,0.176757250141039,0.221185204518298,0.238558747448385,0.212182490494664,0.227183591358754,0.24112794482542,0.228713637972863,0.231144303100136,0.238527686198221,0.232343613296978,0.230212212937933,0.232764186053891,0.229293412428258,0.226294875630467,0.226501582160607,0.224554322079575,0.222294603932049,0.221972699939464,0.221201807723205,0.220155038425652,0.220187265584936,0.22034848239839,0.220363570696226,0.220909317875488,0.221654476500921,0.222303853714049,0.223144137945146,0.224084277942343,0.224920628708905,0.225755924465286,0.226584372669944,0.227295567362955,0.227922797797366,0.228487876095435,0.228945958587612,0.229311629530675,0.229612927017,0.229841617627964,0.230009406511744,0.23014132242532,0.230243975199003,0.230327330569353,0.230408996281138,0.230497284987236,0.230598170045623,0.230720653975822,0.230868994782827,0.231044223578496,0.23124809383787,0.231480111617099,0.231737483906755,0.232017531063625,0.232316869541305,0.232631099789239,0.232956103429689,0.233287993010951,0.233622846103627,0.233957297386738,0.234288639703632,0.234614614833443,0.234933599917257,0.23524465445923,0.235547341961011,0.235841714352898,0.236128286299407,0.236407885711719,0.23668156810835,0.23695056043554,0.237216153207262,0.237479620531287,0.237742174955186,0.238004909743969,0.238268756363284,0.238534469644441,0.238802615577801,0.239073567625195,0.239347520005031,0.239624505439654,0.239904415758706,0.240187029528327,0.240472040834817,0.240759086324326,0.241047772267076,0.241337699306201,0.241628482882019,0.241919770241243,0.242211253582125,0.242502678556457,0.242793848901463,0.243084627669013,0.243374935129733,0.243664744116162,0.243954073550331,0.244242980579029,0.244531551949666,0.244819895258904,0.245108130459618,0.245396382003968,0.245684771967864,0.245973414328561,0.246262410494303,0.246551846144338,0.246841789334487,0.247132289762031,0.247423379062198,0.247715071966406
0,1.116,-0.16445223318,-0.167214145124916,0.545341370312213,0.140723441093004,-0.0987769333855739,0.237110344465961,0.137240581247719,-0.0180231597195299,0.143721203531994,0.156472765500892,0.0782886666141773,0.152235915520073,0.192113430253695,0.16337630148197,0.197022958216295,0.231336587788037,0.223803059143783,0.23671637561348,0.256734512034467,0.254180200268817,0.255365307020327,0.262338570099619,0.258535677048418,0.25361881587197,0.252454094652167,0.247094171625936,0.24035720062735,0.236123658737273,0.231050711517164,0.225489467186898,0.221754392185737,0.218598004424002,0.215649947724358,0.214025930198068,0.213288976425821,0.212965389471505,0.213462725255806,0.214610681580138,0.216023542843255,0.217775193199819,0.219782230129018,0.221790419349702,0.223766520709923,0.225674437986556,0.227382572281356,0.228858994355692,0.230108165596247,0.23109086764216,0.231808515372399,0.232295231425007,0.232566604334617,0.23265016671051,0.232591617949631,0.23242686632345,0.232190139132548,0.231921168646399,0.231651978978247,0.231407622723844,0.231211520393098,0.231080416806921,0.231023736957168,0.231047196908569,0.231151732920659,0.23133320241364,0.231584762270404,0.231897338591766,0.232259739699511,0.232660118718072,0.233086713747296,0.233528041299992,0.233973634241505,0.234414516618019,0.234843240455646,0.235254081066321,0.23564314497779,0.236008207703996,0.236348575190683,0.23666493654576,0.236959090974116,0.237233680356789,0.237491955060496,0.237737510845368,0.237974047617184,0.238205179880943,0.238434267607207,0.238664280470491,0.238897712464044,0.239136529653827,0.239382148074061,0.239635447114119,0.239896807366363,0.24016616515314,0.240443082878339,0.240726827940029,0.241016453163874,0.241310876435701,0.241608955571488,0.24190955429297,0.242211598084711,0.242514118872822,0.242816287397771,0.243117433739334,0.243417056957749,0.243714824742806,0.244010564628952,0.244304248621316,0.244595972887375,0.244885934255464,0.245174405250786,0.245461709102279,0.245748195951908,0.246034221311041,0.246320127495514,0.24660622850333,0.246892798588185,0.247180064545215,0.247468201526658,0.247757332070857,0.24804752791212
0,1.4151,-0.0897489220960006,0.0152624212871861,0.650021035517772,0.215827242091855,0.00759765397355229,0.304334224941374,0.166849524742987,0.0118063754717683,0.154451904151043,0.140848720872662,0.0583006912283703,0.124335615229677,0.15163051500075,0.121769175672042,0.156265258454246,0.188917707133275,0.184912693529017,0.203650361457063,0.227983427372819,0.23136209431188,0.239547708883597,0.252204479896396,0.253840598875647,0.254301492180148,0.257237801037498,0.255023748426499,0.250834088234463,0.248082708999684,0.243553599070291,0.237945580235715,0.233496070313015,0.229056240925893,0.224530031777154,0.221102535707211,0.218418939955207,0.216182692563165,0.214881360851295,0.214388789019695,0.214401454220671,0.21502963764132,0.216188459138868,0.217632968209882,0.219319823886011,0.22117827452731,0.22304513785994,0.224852627550981,0.226559330777792,0.228084069833972,0.229390430371765,0.230474795666418,0.231321023757956,0.231932324486705,0.232334705877435,0.232550641800516,0.232607825700899,0.232544277442927,0.232394780330353,0.232191452967725,0.231967515147398,0.231751304763972,0.23156515197575,0.231427943724085,0.231353257080769,0.231348689836666,0.231417733481642,0.231559860606936,0.231770559023126,0.232042738646651,0.232367476646443,0.2327343874915,0.233132577488942,0.233551346405324,0.233980514795097,0.234410916426289,0.234834774320081,0.235245800617672,0.235639294112776,0.236012180634617,0.236362890728832,0.236691204473119,0.236998082743845,0.237285431529007,0.23755585643341,0.237812437960533,0.238058504073978,0.238297421109201,0.238532424084206,0.238766475166012,0.239002153570757,0.239241585728269,0.239486407933372,0.239737756811875,0.239996288049573,0.240262216635014,0.240535371817787,0.240815263709911,0.241101156217386,0.241392140701746,0.241687207329505,0.241985311028119,0.242285429021325,0.242586608580079,0.24288800424625,0.243188903995536,0.243488744747979,0.2437871181749,0.244083767865542,0.24437857928734,0.244671564195684,0.244962841070523,0.245252613137916,0.245541145473381,0.245828742460831,0.246115726666688,0.246402419987653,0.246689127672861,0.246976125578333,0.24726365081043,0.247551895718229
0,1.386,-0.379859077699999,-0.0176174716466765,0.776614935071853,0.154459801537481,-0.00921099995897575,0.413220371797456,0.203902077732763,0.0440657979844725,0.246716130883985,0.203049023260175,0.0987567871777269,0.186351704654655,0.199082015471756,0.147413063215161,0.184369500410304,0.208261216480612,0.188248885490257,0.203596160906662,0.223257479052894,0.217753163187032,0.223326410695449,0.235074576009637,0.233931901214426,0.234492854009839,0.239336598352169,0.238250224453053,0.236215749967352,0.236649395086981,0.23480521011209,0.231910483482276,0.230434437148755,0.228457689560594,0.225971748303124,0.224392176348713,0.223054631843101,0.221659873546525,0.220884321108261,0.220534315367886,0.220317946244112,0.220490280306551,0.22099926776187,0.221629813233363,0.222438101145853,0.223405289496585,0.224395216513483,0.225394844568547,0.226396511687359,0.227328687533767,0.228171667282136,0.228929244430796,0.229576413367192,0.230107776547992,0.230537825617776,0.230869587763626,0.231111399388042,0.231283008198541,0.231399207214339,0.23147382498665,0.231524965470035,0.23156750050163,0.231612986137807,0.231673068797405,0.231756642202115,0.231869096661254,0.232014373757883,0.232194316776778,0.232408222957224,0.232654078573198,0.232928759666042,0.233227922819469,0.23354673048709,0.23388022868047,0.234223378993907,0.234571429804666,0.234920186068887,0.235266025021376,0.235606013800308,0.235938005090099,0.236260580369558,0.236573007686577,0.236875204861686,0.237167629599031,0.237451167330731,0.237727037307544,0.237996677185592,0.238261631970824,0.238523467003093,0.238783686470167,0.239043663612535,0.239304594160014,0.239567464046353,0.239833029741023,0.240101815670505,0.240374123654987,0.240650050449985,0.240929513884066,0.241212284383673,0.241498018310629,0.241786292267909,0.242076636553633,0.242368565531678,0.242661604260266,0.242955310779657,0.243249293253611,0.243543221990342,0.243836836652444,0.244129948867438,0.244422440809024,0.244714260512644,0.245005414592843,0.245295959101584,0.245585989309543,0.245875629065739,0.246165020315155,0.246454313295445,0.246743657798161,0.247033195760686,0.247323055367511,0.247613346730154
0,0.68533,0.0934089889000004,0.094076512836693,0.371244293153195,0.201273649122111,0.0631386069152882,0.173513316591964,0.130513980548548,0.0510961441852729,0.11365432158801,0.125547143903706,0.0946300295699691,0.129012327142918,0.156768613841833,0.154760988369158,0.177770712069393,0.203500554565231,0.210644578183506,0.224301537765635,0.240773281478926,0.246417784753407,0.251429800449911,0.257714505035859,0.258203575808039,0.256569430397022,0.255460639091269,0.251795964862555,0.246696660832204,0.242167007666237,0.237101650562803,0.23170528924296,0.227157452221265,0.22313674561903,0.219534989166874,0.216894033236005,0.215108425438225,0.213969315029505,0.213626095870664,0.213991279370997,0.214845927262003,0.216151944522004,0.217814293156729,0.219655173861578,0.221587522186923,0.223535791787743,0.225389250655169,0.227084927618401,0.228588642554227,0.229858088674713,0.230876251906138,0.231650642684982,0.232189752065552,0.232513132445368,0.232653949497464,0.232645659781778,0.232523071285407,0.232324487779686,0.232085078967115,0.231835701703112,0.231604463122364,0.231414152297086,0.231281387696497,0.231217979857587,0.231230595569508,0.231320723593138,0.231485953731075,0.231720617420775,0.232016256424407,0.232362693567436,0.232748844503781,0.23316324435376,0.233594753004345,0.234033116812925,0.234469270472929,0.234895627293365,0.235306273450716,0.235696979803916,0.236065157355497,0.236409761029825,0.236731098255152,0.237030604372248,0.237310611488016,0.237574093954671,0.237824418509552,0.238065121334029,0.238299705598285,0.238531468548773,0.23876336926484,0.238997932111895,0.239237184536385,0.23948263094198,0.239735256681239,0.239995556275702,0.240263582627943,0.240539011182173,0.240821212736352,0.241109330731505,0.241402358510303,0.241699212200957,0.241998796516977,0.242300061368092,0.242602047591381,0.242903921228088,0.24320499645436,0.243504747619556,0.243802811434807,0.244098980745413,0.244393191424166,0.244685504064964,0.244976082206575,0.245265168685515,0.245553061571086,0.245840090963747,0.246126597685548,0.246412914636282,0.246699351352717,0.246986182062229,0.247273637298476,0.247561898964434,0.247851098572282
0,1.1326,-0.5297223722366,0.0195517950073141,0.637155963624596,0.0280951164919227,-0.0207722357690869,0.335283150724661,0.111149462590107,0.0216028281378907,0.216744127482472,0.163382102313357,0.0965756389522888,0.191756845342592,0.199408625152813,0.165193371263706,0.20953516645897,0.229300429122631,0.214284803144788,0.232242602024705,0.247169680706609,0.24006316267227,0.24427868113114,0.250974338690555,0.245842645708917,0.243484661880609,0.244102482453415,0.23936195960618,0.234862092823644,0.232757658096345,0.228868278100192,0.224913380607006,0.222723914303296,0.220418101731312,0.218240282728569,0.217281319580223,0.216752610147741,0.216443180560955,0.216864895900507,0.217694907942223,0.218658527440971,0.219938174909613,0.22140134121998,0.222838610889759,0.224291069405307,0.2257119466827,0.226981620839452,0.228104920712688,0.229081642857679,0.229866515595236,0.230469946725208,0.230917361368945,0.231209910594182,0.231369193217087,0.231429378905861,0.231411100268376,0.231338533245265,0.231241342620224,0.231140414421945,0.231053258285041,0.230997697773768,0.23098534716944,0.231022950754543,0.231115538930285,0.231264143475268,0.231466091558369,0.231717235499592,0.232011590988352,0.232341471621912,0.232698877720971,0.233075749812809,0.233464048922201,0.233856476482114,0.234246730911717,0.234629477640752,0.235000588690826,0.235357212620278,0.235697626149897,0.236021184292693,0.236328229316603,0.236619880840153,0.236897866578653,0.237164368816764,0.237421829632329,0.237672785547231,0.237919739363555,0.238165034603235,0.238410757835587,0.238658679000456,0.238910209513264,0.239166382638161,0.239427861184688,0.239694960413719,0.23996768292409,0.240245766437372,0.240528737280842,0.24081596510689,0.24110671822582,0.241400215838092,0.241695674157707,0.24199234608338,0.242289553281586,0.242586709664006,0.242883336794503,0.243179071748894,0.243473667871283,0.243766989593813,0.244059002568987,0.244349760172377,0.244639387625483,0.24492806495885,0.245216009783352,0.245503460755756,0.245790662499395,0.246077852494647,0.246365250288237,0.246653049230911,0.246941410771164,0.24723046119763,0.247520290632766,0.247810953989305
0,1.0313,0.140410994654,0.130444342698274,0.541863729756168,0.278494147306789,0.133454689144692,0.317904449068027,0.230619177953788,0.122235341092926,0.204849958031878,0.192850510564652,0.131088504937361,0.16399997054601,0.176630612250911,0.152196528614616,0.168854226858012,0.187020163963668,0.1825303198623,0.19292878718768,0.208582656515839,0.211714382791038,0.218154431736919,0.228207013249404,0.231670923082806,0.234347990992378,0.238706220888817,0.239770051111746,0.239281910955624,0.239446421712344,0.238206832981609,0.235890685861314,0.233947187034515,0.231694049889058,0.229058457907127,0.226837985582439,0.224876736776099,0.223022237832674,0.221633943638888,0.22069439031295,0.220052407742187,0.219815269348736,0.219968532457643,0.220381814288553,0.221043409659829,0.221921543260487,0.222916650149922,0.223981950655428,0.225084617774814,0.226162207105192,0.227176767124255,0.228110444181194,0.228936903758862,0.229641751168811,0.230226441812261,0.230692011156621,0.231044568910238,0.231299186589846,0.2314714432532,0.231577485557505,0.231636400971886,0.231666260869751,0.231682973537724,0.231701600295585,0.23173487030929,0.231792346007865,0.231881276597767,0.232006388720479,0.232169633772008,0.232370868694895,0.232608195249652,0.232878091236152,0.233175960943422,0.233496584167543,0.233834357672828,0.234183668300841,0.234539222182929,0.234896211498358,0.235250484320673,0.235598682271145,0.235938270026849,0.236267532775305,0.236585553451293,0.236892132754699,0.237187685721642,0.237473135371828,0.237749789170286,0.238019212249009,0.238283113104641,0.238543237028019,0.238801271351916,0.239058770703293,0.239317099826419,0.239577392986721,0.239840532138723,0.240107141226312,0.2403775934299,0.240652030233315,0.240930389479212,0.241212439004052,0.241497813791367,0.241786054365661,0.242076643974068,0.242369043024128,0.242662719586641,0.242957174868929,0.243251963168517,0.243546706219864,0.24384110199449,0.244134928340983,0.244428042103888,0.244720374423281,0.245011923011991,0.245302742273111,0.245592932071757,0.245882625915609,0.246171979233583,0.246461158324455,0.246750330421755,0.24703965520729,0.247329277981174
0,1.0314,-0.358864510299999,0.277959637574442,0.623210703211074,0.0722511150894031,0.135137332632935,0.346325405156431,0.105202920663777,0.0706757562354609,0.205563397708745,0.124351275577151,0.0848350431503601,0.159788075180965,0.149215486131689,0.130272709589434,0.173551055504396,0.186848306867089,0.182442247653948,0.206822248092481,0.222600518442994,0.223555575318391,0.235201255794425,0.245096868912128,0.245286062953133,0.248178066533599,0.251168583467083,0.24877543926429,0.246464059575605,0.244786280757547,0.240750264159318,0.236503064602834,0.233137228031135,0.229237736416227,0.225489662960655,0.222709878398063,0.220273264481,0.218266426529705,0.21711732514885,0.216532933008132,0.216386672684337,0.216826517841651,0.217687594218089,0.218802139005539,0.220176565994657,0.221708025480989,0.223262469694917,0.224806217765265,0.226284634505293,0.227621894317578,0.228796774394906,0.229796897881048,0.230600264465095,0.231211983963924,0.231649635503058,0.231926237504652,0.232065268668013,0.23209731404387,0.232048803608589,0.231947004253922,0.231820255372189,0.231691899875798,0.231581587836638,0.231506499249149,0.231478805706344,0.231506080913853,0.231592686695501,0.231739218548541,0.231942899568616,0.232198808901208,0.23250017907102,0.232838828392678,0.233206059838918,0.233593114498045,0.233991488571624,0.234393436251951,0.234792250594432,0.235182368281343,0.235559517091028,0.235920754851234,0.23626437962292,0.236589839114162,0.236897600851484,0.237188959236864,0.237465846927318,0.237730651509737,0.237986021536131,0.23823469287294,0.238479343571264,0.238722466795939,0.238966272153053,0.239212620056122,0.2394629809581,0.239718419333992,0.239979602424128,0.240246826814886,0.240520058770817,0.240798985939333,0.241083075123912,0.241371631911298,0.241663859750451,0.241958915330099,0.242255957695961,0.242554189974184,0.242852892700569,0.243151448137458,0.24344935586535,0.243746240220831,0.244041850323335,0.244336053850457,0.244628825853618,0.24492023386783,0.24521042062625,0.24549958563092,0.24578796665271,0.246075822093575,0.246363414978094,0.246650999122901,0.246938807843653,0.247227045389582,0.247515881122038
0,0.98715,-0.572255358390001,0.179774550051935,0.517345396100523,-0.0957974971839039,0.0357977673516359,0.310264822555604,0.0573335842377543,0.0535261952841593,0.231086157751159,0.152861174980733,0.126250936993976,0.221758427289469,0.210810814281567,0.190294011681261,0.237224276622485,0.244614394486226,0.23109257242856,0.249519641962072,0.256244232349292,0.246471598907007,0.249861448756879,0.251630055999241,0.243642653673469,0.240513191835998,0.238860149010621,0.23261206436491,0.228139230289013,0.225705817906546,0.221732425674508,0.218579587100139,0.217170578027879,0.215632754570125,0.214588874496195,0.214735934582427,0.215157461515051,0.215835610579497,0.217139974365929,0.218642018072486,0.220165263180437,0.221866131776085,0.22356068183388,0.225096950920564,0.226536990945064,0.227823348440004,0.228875148543633,0.229729204836224,0.230393042537888,0.230846743210616,0.23112623233276,0.231266357347013,0.231280903116843,0.231204548893521,0.231074820722788,0.23091408099496,0.230748282818366,0.230603787311098,0.230496204952855,0.23043805290291,0.230440297439542,0.23050688041139,0.230637722865154,0.230831126217471,0.231081707151502,0.231381612310505,0.231722485719782,0.232094987490539,0.232489283189932,0.232896275362368,0.233307614837893,0.23371580942438,0.234114791123907,0.234499926234607,0.234867886224507,0.235216754737566,0.235545914304344,0.235855797213286,0.236147755903546,0.23642387713825,0.236686724550006,0.23693915260968,0.237184137187764,0.237424589524811,0.237663221668232,0.237902451395646,0.238144318265793,0.2383904366337,0.238641984471289,0.238899707848989,0.239163946672809,0.239434681399001,0.239711587717888,0.239994097354031,0.240281464271635,0.240572828907054,0.240867277551815,0.241163896582054,0.241461818383028,0.241760257499845,0.242058537667786,0.24235610938745,0.242652558209294,0.242947605158285,0.243241100414008,0.243533011336182,0.24382340646156,0.244112436916125,0.244400316432436,0.244687301238373,0.244973670885586,0.245259710774577,0.24554569700675,0.245831884000427,0.246118495049443,0.246405715851374,0.246693690898713,0.246982522474158,0.247272271903611,0.247562962672606,0.247854584967713
0,0.89698,0.0813409649999984,0.050403250618117,0.40528115730549,0.180125660104437,0.0255069764751328,0.176993344044676,0.112645384356519,0.0213032099579794,0.104350858411168,0.113638016771627,0.0755473102961667,0.120694368676884,0.151773163802788,0.14719063460205,0.175606524660436,0.204952639445399,0.211416668978659,0.227402104551905,0.246133220030446,0.251398039178574,0.256831995837826,0.263830540530202,0.263651745087058,0.261410790598888,0.259998622124488,0.25544286465248,0.249393743757234,0.244187699581252,0.238303852750036,0.23209374262731,0.226971006544358,0.222436859821511,0.218387195512526,0.215486630743796,0.213554075271556,0.212341693779018,0.212045880965639,0.212542900423806,0.213571381677638,0.215101921519711,0.217020013067889,0.219116465643532,0.221300383956904,0.223487148810275,0.225548911904377,0.227419484906482,0.229063660929663,0.230434046106192,0.231514909850021,0.232318115224509,0.232854529458917,0.233148340273512,0.233239174476231,0.233165646714192,0.232967830115267,0.232689742165152,0.232371092441128,0.232046459010454,0.231747304365363,0.231498732763656,0.231318712604203,0.231219834319849,0.231208805574851,0.231286467355767,0.231449375278156,0.231690483354572,0.231999674043397,0.232365031005431,0.232773738493453,0.233212654257334,0.233669121565388,0.234131587180643,0.23458991409726,0.235035701566125,0.2354624878361,0.235865739023049,0.236242785613018,0.236592701268379,0.236916071128278,0.237214729221724,0.237491491910625,0.237749864694857,0.237993758042613,0.238227236725438,0.238454292770457,0.238678653511635,0.238903637279737,0.239132049511597,0.239366117905957,0.239607468675453,0.23985713631473,0.240115600118031,0.240382843910417,0.240658431831983,0.240941592989703,0.241231310419028,0.241526409225163,0.241825639028103,0.242127747826209,0.242431544996026,0.24273595160708,0.243040037557797,0.243343045771598,0.243644404051422,0.243943725873676,0.244240801819546,0.24453558342612,0.24482816139553,0.24511874014074,0.245407610474439,0.245695122073972,0.245981657152055,0.246267606465126,0.246553348498748,0.246839232400918,0.24712556495369,0.24741260162202,0.247700541516795,0.24798952593637
0,0.9255,-0.149359190399999,0.356322250740887,0.606215620676977,0.203609142931405,0.217158036028256,0.371493381957894,0.184178730945352,0.13129544078098,0.221036303953253,0.154281762593279,0.109873391929293,0.156270017557293,0.144746191990663,0.124741607394677,0.153916122702252,0.164908209496027,0.162392950532091,0.182367035471958,0.19823262985444,0.203099599222461,0.21590217057899,0.228105176748559,0.232778232822701,0.238834785724408,0.244731262217018,0.246026653307526,0.246562154177124,0.246993880530237,0.245058884591448,0.242283729753162,0.239663393231816,0.23623908727674,0.232548059432197,0.229336892029666,0.226254985164733,0.223421689655366,0.221244853464051,0.219586765699236,0.21838968627293,0.217801261089305,0.217730075639288,0.218054715253572,0.218775631109303,0.219808358533117,0.221031157133529,0.222391469081804,0.223821428296382,0.225233580522487,0.226580582333211,0.22782535732242,0.228925919027594,0.229863508712431,0.230633825593112,0.231233633613731,0.231671535177475,0.23196603084137,0.232136443626291,0.2322057588117,0.232200522932468,0.232145627369346,0.232064408367099,0.231979061156213,0.231908212490808,0.231866628713047,0.231865892435353,0.231913727447436,0.232014043335264,0.23216775244978,0.232372996043589,0.232625500086286,0.232919355386735,0.233247527553364,0.233602275430539,0.233975727007152,0.234360304293844,0.234749001561444,0.235135677622566,0.235515249913322,0.235883762191092,0.236238419495582,0.236577565647742,0.236900583177808,0.237207767548178,0.237500182218653,0.237779485695152,0.238047757279849,0.238307333371251,0.238560650760759,0.2388101081826,0.239057953669686,0.239306194698067,0.239556533082656,0.239810326479703,0.240068572449083,0.240331912288186,0.240600652774355,0.240874801346778,0.241154110581281,0.241438128972626,0.241726254362392,0.242017786663248,0.242311977623137,0.242608075584308,0.242905363586261,0.243203190010405,0.243500991392606,0.243798307356858,0.244094788138273,0.244390195466857,0.244684397729054,0.244977360513863,0.245269133731537,0.245559836450188,0.245849640548935,0.24613875419432,0.246427405988492,0.246715830477249,0.247004255543384,0.247292892031367
1,-1.7488,1,2.3075,0.0094544,0.48742,1.3413,0.46641,0.32221,0.77202,0.4177,0.21906,0.44093,0.33455,0.20052,0.30428,0.30208,0.24302,0.30067,0.33478,0.32316,0.36043,0.39839,0.40649,0.42989,0.45715,0.46652,0.47726,0.49015,0.49308,0.49338,0.49454,0.49091,0.48494,0.47968,0.47293,0.46532,0.45879,0.45266,0.44687,0.44243,0.43912,0.43668,0.43546,0.43533,0.43598,0.43742,0.43951,0.44198,0.44472,0.44761,0.45046,0.45318,0.45569,0.45791,0.4598,0.46135,0.46256,0.46344,0.46403,0.46437,0.4645,0.46449,0.46437,0.4642,0.46402,0.46387,0.46378,0.46377,0.46386,0.46406,0.46436,0.46477,0.46528,0.46587,0.46652,0.46723,0.46798,0.46875,0.46953,0.47031,0.47107,0.47181,0.47252,0.4732,0.47385,0.47446,0.47505,0.47561,0.47614,0.47666,0.47717,0.47767,0.47816,0.47866,0.47916,0.47966,0.48018,0.48071,0.48124,0.48179,0.48235,0.48292,0.4835,0.48408,0.48467,0.48526,0.48585,0.48645,0.48705,0.48764,0.48823,0.48883,0.48941,0.49,0.49058,0.49117,0.49175,0.49232,0.4929,0.49348
0,-1.3239,-3.639e-15,0.94922,-0.085916,0.23047,0.52911,0.18238,0.1091,0.27093,0.13616,0.060157,0.15105,0.11956,0.077704,0.12787,0.13876,0.12704,0.15909,0.18144,0.18463,0.20478,0.22376,0.22965,0.23977,0.25011,0.25248,0.25442,0.25656,0.2545,0.25121,0.24827,0.2437,0.23854,0.23407,0.22952,0.22514,0.22169,0.21887,0.21663,0.21527,0.21466,0.21461,0.21518,0.21625,0.21763,0.21928,0.22109,0.22293,0.22473,0.22643,0.22796,0.22928,0.23038,0.23125,0.23188,0.23231,0.23255,0.23263,0.23258,0.23245,0.23226,0.23205,0.23184,0.23165,0.23152,0.23144,0.23143,0.23149,0.23163,0.23183,0.23209,0.23241,0.23277,0.23317,0.23358,0.23401,0.23443,0.23486,0.23527,0.23566,0.23604,0.23639,0.23672,0.23703,0.23732,0.23759,0.23785,0.2381,0.23834,0.23857,0.23881,0.23904,0.23928,0.23953,0.23978,0.24004,0.2403,0.24058,0.24086,0.24114,0.24143,0.24173,0.24202,0.24232,0.24262,0.24292,0.24323,0.24353,0.24382,0.24412,0.24442,0.24471,0.245,0.24529,0.24558,0.24587,0.24615,0.24644,0.24673,0.24702
0,-5.0721,1.6735e-14,1.5381,-0.66629,-0.062089,0.79183,-0.065011,-0.13108,0.39317,0.084935,-0.050661,0.22712,0.15816,0.060501,0.19339,0.205,0.15362,0.21353,0.2405,0.21678,0.23945,0.25912,0.24744,0.2517,0.26027,0.25233,0.24838,0.24911,0.24252,0.23633,0.23374,0.22876,0.22368,0.22113,0.21842,0.21581,0.21486,0.21444,0.21423,0.21495,0.21616,0.21746,0.21914,0.22101,0.2228,0.22456,0.22627,0.22775,0.22902,0.23011,0.23094,0.23153,0.23194,0.23216,0.23222,0.23216,0.23202,0.23183,0.23162,0.23141,0.23124,0.23111,0.23104,0.23104,0.23111,0.23126,0.23147,0.23174,0.23206,0.23243,0.23282,0.23324,0.23366,0.23409,0.23451,0.23492,0.23531,0.23568,0.23603,0.23635,0.23666,0.23695,0.23722,0.23747,0.23772,0.23796,0.2382,0.23843,0.23867,0.23891,0.23915,0.2394,0.23966,0.23993,0.2402,0.24048,0.24077,0.24106,0.24135,0.24165,0.24195,0.24225,0.24255,0.24285,0.24315,0.24345,0.24374,0.24404,0.24433,0.24462,0.24491,0.2452,0.24549,0.24577,0.24606,0.24634,0.24663,0.24692,0.24721,0.2475
0,-2.236,3.6146e-15,1.1784,0.099642,0.04356,0.56453,0.27178,0.044161,0.29334,0.2239,0.074263,0.17913,0.18512,0.10854,0.15091,0.17799,0.1493,0.169,0.19577,0.19065,0.20114,0.22036,0.22293,0.22788,0.23831,0.2406,0.2412,0.24447,0.24412,0.24176,0.24066,0.23832,0.23482,0.23209,0.22935,0.2263,0.22393,0.22206,0.22038,0.2193,0.21879,0.21861,0.21884,0.21948,0.22034,0.2214,0.22263,0.2239,0.22517,0.2264,0.22755,0.22857,0.22946,0.2302,0.23079,0.23123,0.23155,0.23176,0.23187,0.23191,0.2319,0.23187,0.23183,0.2318,0.23179,0.23181,0.23188,0.23199,0.23215,0.23235,0.2326,0.23288,0.2332,0.23354,0.2339,0.23427,0.23464,0.23502,0.23539,0.23575,0.23609,0.23643,0.23675,0.23705,0.23735,0.23763,0.2379,0.23817,0.23842,0.23868,0.23893,0.23918,0.23944,0.23969,0.23995,0.24022,0.24049,0.24076,0.24104,0.24132,0.24161,0.2419,0.24219,0.24249,0.24278,0.24308,0.24338,0.24367,0.24397,0.24426,0.24456,0.24485,0.24514,0.24543,0.24572,0.24601,0.2463,0.24659,0.24688,0.24717
0,-2.7055,1.0576e-14,1.6189,-0.24125,0.030819,0.74749,0.15888,-0.020896,0.36856,0.16626,0.0021339,0.1908,0.15339,0.056495,0.14346,0.16339,0.1214,0.16346,0.19446,0.18281,0.20347,0.22793,0.22735,0.23581,0.24924,0.2494,0.25003,0.25398,0.25168,0.24788,0.24611,0.24203,0.2369,0.23319,0.22923,0.22504,0.22203,0.21961,0.21748,0.21628,0.2158,0.21573,0.21625,0.21727,0.21852,0.22002,0.2217,0.22338,0.22502,0.22659,0.228,0.22921,0.23024,0.23105,0.23165,0.23207,0.23232,0.23242,0.23241,0.23231,0.23217,0.232,0.23184,0.2317,0.2316,0.23156,0.23158,0.23166,0.23181,0.23202,0.23228,0.23259,0.23295,0.23333,0.23373,0.23414,0.23455,0.23496,0.23536,0.23574,0.23611,0.23645,0.23678,0.23709,0.23737,0.23765,0.23791,0.23816,0.23841,0.23865,0.23889,0.23913,0.23937,0.23962,0.23987,0.24013,0.2404,0.24068,0.24095,0.24124,0.24153,0.24182,0.24212,0.24242,0.24272,0.24302,0.24332,0.24362,0.24391,0.24421,0.2445,0.2448,0.24509,0.24538,0.24567,0.24596,0.24624,0.24653,0.24682,0.24711
0,-3.7745,-5.3818e-17,1.3212,-0.71076,0.29554,0.79915,-0.053679,0.066453,0.409,0.05302,0.011317,0.22276,0.1021,0.046788,0.16278,0.14459,0.11348,0.17638,0.19199,0.18055,0.213,0.232,0.22887,0.2427,0.2543,0.25178,0.25419,0.2574,0.25303,0.24942,0.24726,0.24187,0.23648,0.23261,0.228,0.22364,0.22067,0.21809,0.21599,0.21499,0.21464,0.21473,0.2155,0.21673,0.21818,0.21989,0.22174,0.22355,0.22531,0.22696,0.22842,0.22965,0.23068,0.23146,0.23201,0.23238,0.23256,0.23259,0.23251,0.23236,0.23216,0.23194,0.23174,0.23157,0.23146,0.2314,0.23142,0.23151,0.23167,0.23189,0.23218,0.23251,0.23288,0.23329,0.2337,0.23413,0.23456,0.23498,0.23538,0.23577,0.23613,0.23648,0.2368,0.2371,0.23739,0.23766,0.23791,0.23815,0.23839,0.23863,0.23886,0.2391,0.23934,0.23959,0.23984,0.2401,0.24037,0.24065,0.24093,0.24122,0.24151,0.2418,0.2421,0.2424,0.2427,0.243,0.2433,0.2436,0.2439,0.2442,0.24449,0.24478,0.24508,0.24537,0.24565,0.24594,0.24623,0.24652,0.2468,0.24709
0,-5.3976,-6.7227e-15,1.0478,-0.25308,-0.015171,0.56871,0.18131,0.050634,0.35653,0.23338,0.11524,0.25915,0.2407,0.16462,0.22161,0.23239,0.1924,0.21236,0.22659,0.20849,0.21389,0.22441,0.21756,0.21811,0.22433,0.22229,0.22157,0.22467,0.22429,0.22343,0.22469,0.2247,0.22403,0.2244,0.22446,0.22405,0.22413,0.22424,0.22411,0.2242,0.2244,0.22451,0.22471,0.22502,0.22529,0.2256,0.22597,0.22633,0.22669,0.22707,0.22744,0.2278,0.22815,0.22849,0.2288,0.22911,0.2294,0.22968,0.22994,0.2302,0.23045,0.23069,0.23094,0.23118,0.23142,0.23166,0.23191,0.23216,0.23242,0.23268,0.23295,0.23322,0.2335,0.23378,0.23406,0.23434,0.23463,0.23492,0.2352,0.23549,0.23578,0.23607,0.23635,0.23663,0.23692,0.2372,0.23748,0.23776,0.23804,0.23832,0.2386,0.23888,0.23915,0.23943,0.23971,0.24,0.24028,0.24056,0.24084,0.24113,0.24141,0.2417,0.24198,0.24227,0.24256,0.24284,0.24313,0.24342,0.24371,0.244,0.24429,0.24458,0.24487,0.24516,0.24545,0.24574,0.24603,0.24632,0.24661,0.2469
0,-3.8241,2.9969e-15,0.45994,-0.30483,0.12507,0.36661,0.069086,0.061581,0.22326,0.11931,0.093906,0.1914,0.17039,0.15125,0.20334,0.21073,0.20144,0.22707,0.23811,0.23331,0.24301,0.24928,0.24502,0.24576,0.24669,0.24196,0.23866,0.23656,0.23211,0.22816,0.22555,0.22244,0.21973,0.21819,0.21691,0.21604,0.21599,0.21634,0.21695,0.21802,0.21931,0.22068,0.22216,0.22365,0.22505,0.22634,0.22751,0.22849,0.2293,0.22993,0.23039,0.2307,0.23087,0.23094,0.23092,0.23086,0.23076,0.23065,0.23056,0.2305,0.23048,0.23051,0.23059,0.23073,0.23093,0.23117,0.23146,0.23179,0.23214,0.23252,0.23291,0.2333,0.23369,0.23407,0.23445,0.23481,0.23515,0.23547,0.23578,0.23607,0.23635,0.23662,0.23688,0.23713,0.23737,0.23762,0.23786,0.23811,0.23836,0.23862,0.23888,0.23914,0.23941,0.23969,0.23997,0.24026,0.24055,0.24084,0.24113,0.24143,0.24173,0.24202,0.24232,0.24262,0.24291,0.2432,0.24349,0.24378,0.24407,0.24436,0.24465,0.24494,0.24522,0.24551,0.2458,0.24608,0.24637,0.24666,0.24695,0.24724
0,-3.0547,1.1141e-14,1.2278,-0.076143,-0.073075,0.44502,0.19239,0.00021203,0.25953,0.19527,0.071041,0.1926,0.2052,0.13951,0.18882,0.21676,0.18964,0.209,0.23146,0.22184,0.2276,0.24057,0.23702,0.23648,0.24145,0.23893,0.23577,0.236,0.23342,0.22983,0.22825,0.22609,0.2234,0.22193,0.22075,0.21949,0.21898,0.21893,0.21897,0.21943,0.22022,0.22107,0.22208,0.22321,0.22431,0.22538,0.22642,0.22736,0.22817,0.22887,0.22945,0.22989,0.23023,0.23048,0.23063,0.23073,0.23078,0.2308,0.23081,0.23082,0.23085,0.23091,0.23099,0.23112,0.23129,0.23149,0.23173,0.232,0.2323,0.23263,0.23297,0.23332,0.23367,0.23403,0.23439,0.23473,0.23507,0.2354,0.23572,0.23602,0.23631,0.2366,0.23687,0.23714,0.2374,0.23766,0.23791,0.23817,0.23843,0.23869,0.23895,0.23921,0.23948,0.23976,0.24003,0.24032,0.2406,0.24089,0.24118,0.24147,0.24176,0.24206,0.24235,0.24264,0.24294,0.24323,0.24352,0.24381,0.2441,0.24439,0.24468,0.24497,0.24526,0.24555,0.24583,0.24612,0.24641,0.2467,0.24699,0.24728
0,0.67591,1.5651e-15,1.3987,0.12542,-0.09686,0.5412,0.26896,-0.059541,0.22623,0.17855,-0.015607,0.1088,0.14296,0.055557,0.10822,0.15804,0.13247,0.15922,0.20059,0.20043,0.21418,0.24018,0.24496,0.24944,0.26071,0.26192,0.25956,0.26042,0.2572,0.25115,0.24683,0.24158,0.23514,0.23001,0.22546,0.22093,0.21759,0.21529,0.21354,0.21273,0.21282,0.21343,0.21459,0.21626,0.21815,0.22019,0.22232,0.22438,0.22629,0.22803,0.22952,0.23074,0.23169,0.23238,0.23282,0.23304,0.23308,0.23298,0.23277,0.2325,0.2322,0.23191,0.23165,0.23145,0.23132,0.23126,0.2313,0.23141,0.23161,0.23187,0.2322,0.23258,0.23299,0.23343,0.23388,0.23433,0.23478,0.23521,0.23563,0.23602,0.23638,0.23672,0.23703,0.23732,0.23759,0.23784,0.23809,0.23832,0.23855,0.23877,0.239,0.23924,0.23947,0.23972,0.23997,0.24024,0.24051,0.24079,0.24107,0.24136,0.24166,0.24196,0.24226,0.24256,0.24287,0.24317,0.24347,0.24377,0.24407,0.24437,0.24466,0.24495,0.24524,0.24553,0.24582,0.24611,0.24639,0.24668,0.24696,0.24725
0,-3.5689,-1.3533e-14,1.3403,-0.62875,-0.076251,0.75288,0.019388,-0.043462,0.41678,0.15677,0.03596,0.2749,0.21075,0.11764,0.22624,0.22982,0.17676,0.22119,0.23856,0.21218,0.22718,0.24113,0.22871,0.23114,0.23853,0.23234,0.23021,0.23276,0.22929,0.22629,0.2265,0.22455,0.22229,0.22197,0.2212,0.22016,0.22019,0.22035,0.22036,0.22091,0.22165,0.2223,0.22314,0.22408,0.22492,0.22576,0.22658,0.2273,0.22792,0.22849,0.22895,0.22931,0.22961,0.22984,0.23001,0.23014,0.23024,0.23033,0.23041,0.2305,0.2306,0.23072,0.23087,0.23104,0.23125,0.23148,0.23174,0.23202,0.23232,0.23263,0.23296,0.23329,0.23362,0.23396,0.23429,0.23461,0.23493,0.23524,0.23555,0.23584,0.23613,0.23641,0.23668,0.23695,0.23722,0.23748,0.23774,0.238,0.23827,0.23853,0.2388,0.23907,0.23935,0.23962,0.2399,0.24019,0.24047,0.24076,0.24105,0.24134,0.24163,0.24192,0.24221,0.2425,0.24279,0.24308,0.24337,0.24366,0.24395,0.24424,0.24453,0.24482,0.24511,0.2454,0.24568,0.24597,0.24626,0.24655,0.24684,0.24713
0,-3.7423,2.0103e-15,1.116,-0.16445,-0.16721,0.54534,0.14072,-0.098777,0.23711,0.13724,-0.018023,0.14372,0.15647,0.078289,0.15224,0.19211,0.16338,0.19702,0.23134,0.2238,0.23672,0.25673,0.25418,0.25537,0.26234,0.25854,0.25362,0.25245,0.24709,0.24036,0.23612,0.23105,0.22549,0.22175,0.2186,0.21565,0.21403,0.21329,0.21297,0.21346,0.21461,0.21602,0.21778,0.21978,0.22179,0.22377,0.22567,0.22738,0.22886,0.23011,0.23109,0.23181,0.2323,0.23257,0.23265,0.23259,0.23243,0.23219,0.23192,0.23165,0.23141,0.23121,0.23108,0.23102,0.23105,0.23115,0.23133,0.23158,0.2319,0.23226,0.23266,0.23309,0.23353,0.23397,0.23441,0.23484,0.23525,0.23564,0.23601,0.23635,0.23666,0.23696,0.23723,0.23749,0.23774,0.23797,0.23821,0.23843,0.23866,0.2389,0.23914,0.23938,0.23964,0.2399,0.24017,0.24044,0.24073,0.24102,0.24131,0.24161,0.24191,0.24221,0.24251,0.24282,0.24312,0.24342,0.24371,0.24401,0.2443,0.2446,0.24489,0.24517,0.24546,0.24575,0.24603,0.24632,0.24661,0.24689,0.24718,0.24747
0,-0.95625,1.074e-14,1.4151,-0.089749,0.015262,0.65002,0.21583,0.0075977,0.30433,0.16685,0.011806,0.15445,0.14085,0.058301,0.12434,0.15163,0.12177,0.15627,0.18892,0.18491,0.20365,0.22798,0.23136,0.23955,0.2522,0.25384,0.2543,0.25724,0.25502,0.25083,0.24808,0.24355,0.23795,0.2335,0.22906,0.22453,0.2211,0.21842,0.21618,0.21488,0.21439,0.2144,0.21503,0.21619,0.21763,0.21932,0.22118,0.22305,0.22485,0.22656,0.22808,0.22939,0.23047,0.23132,0.23193,0.23233,0.23255,0.23261,0.23254,0.23239,0.23219,0.23197,0.23175,0.23157,0.23143,0.23135,0.23135,0.23142,0.23156,0.23177,0.23204,0.23237,0.23273,0.23313,0.23355,0.23398,0.23441,0.23483,0.23525,0.23564,0.23601,0.23636,0.23669,0.237,0.23729,0.23756,0.23781,0.23806,0.2383,0.23853,0.23877,0.239,0.23924,0.23949,0.23974,0.24,0.24026,0.24054,0.24082,0.2411,0.24139,0.24169,0.24199,0.24229,0.24259,0.24289,0.24319,0.24349,0.24379,0.24408,0.24438,0.24467,0.24496,0.24525,0.24554,0.24583,0.24612,0.2464,0.24669,0.24698
0,-2.6672,8.2757e-15,1.386,-0.37986,-0.017617,0.77661,0.15446,-0.009211,0.41322,0.2039,0.044066,0.24672,0.20305,0.098757,0.18635,0.19908,0.14741,0.18437,0.20826,0.18825,0.2036,0.22326,0.21775,0.22333,0.23507,0.23393,0.23449,0.23934,0.23825,0.23622,0.23665,0.23481,0.23191,0.23043,0.22846,0.22597,0.22439,0.22305,0.22166,0.22088,0.22053,0.22032,0.22049,0.221,0.22163,0.22244,0.22341,0.2244,0.22539,0.2264,0.22733,0.22817,0.22893,0.22958,0.23011,0.23054,0.23087,0.23111,0.23128,0.2314,0.23147,0.23152,0.23157,0.23161,0.23167,0.23176,0.23187,0.23201,0.23219,0.23241,0.23265,0.23293,0.23323,0.23355,0.23388,0.23422,0.23457,0.23492,0.23527,0.23561,0.23594,0.23626,0.23657,0.23688,0.23717,0.23745,0.23773,0.238,0.23826,0.23852,0.23878,0.23904,0.2393,0.23957,0.23983,0.2401,0.24037,0.24065,0.24093,0.24121,0.2415,0.24179,0.24208,0.24237,0.24266,0.24296,0.24325,0.24354,0.24384,0.24413,0.24442,0.24471,0.24501,0.2453,0.24559,0.24588,0.24617,0.24645,0.24674,0.24703
0,-2.0106,1.47e-14,0.68533,0.093409,0.094077,0.37124,0.20127,0.063139,0.17351,0.13051,0.051096,0.11365,0.12555,0.09463,0.12901,0.15677,0.15476,0.17777,0.2035,0.21064,0.2243,0.24077,0.24642,0.25143,0.25771,0.2582,0.25657,0.25546,0.2518,0.2467,0.24217,0.2371,0.23171,0.22716,0.22314,0.21953,0.21689,0.21511,0.21397,0.21363,0.21399,0.21485,0.21615,0.21781,0.21966,0.22159,0.22354,0.22539,0.22708,0.22859,0.22986,0.23088,0.23165,0.23219,0.23251,0.23265,0.23265,0.23252,0.23232,0.23209,0.23184,0.2316,0.23141,0.23128,0.23122,0.23123,0.23132,0.23149,0.23172,0.23202,0.23236,0.23275,0.23316,0.23359,0.23403,0.23447,0.2349,0.23531,0.2357,0.23607,0.23641,0.23673,0.23703,0.23731,0.23757,0.23782,0.23807,0.2383,0.23853,0.23876,0.239,0.23924,0.23948,0.23974,0.24,0.24026,0.24054,0.24082,0.24111,0.2414,0.2417,0.242,0.2423,0.2426,0.2429,0.2432,0.2435,0.2438,0.2441,0.24439,0.24469,0.24498,0.24527,0.24555,0.24584,0.24613,0.24641,0.2467,0.24699,0.24727
0,-3.5235,7.6811e-15,1.1326,-0.52972,0.019552,0.63716,0.028095,-0.020772,0.33528,0.11115,0.021603,0.21674,0.16338,0.096576,0.19176,0.19941,0.16519,0.20954,0.2293,0.21428,0.23224,0.24717,0.24006,0.24428,0.25097,0.24584,0.24348,0.2441,0.23936,0.23486,0.23276,0.22887,0.22491,0.22272,0.22042,0.21824,0.21728,0.21675,0.21644,0.21686,0.21769,0.21866,0.21994,0.2214,0.22284,0.22429,0.22571,0.22698,0.2281,0.22908,0.22987,0.23047,0.23092,0.23121,0.23137,0.23143,0.23141,0.23134,0.23124,0.23114,0.23105,0.231,0.23099,0.23102,0.23112,0.23126,0.23147,0.23172,0.23201,0.23234,0.2327,0.23308,0.23346,0.23386,0.23425,0.23463,0.235,0.23536,0.2357,0.23602,0.23633,0.23662,0.2369,0.23716,0.23742,0.23767,0.23792,0.23817,0.23841,0.23866,0.23891,0.23917,0.23943,0.23969,0.23997,0.24025,0.24053,0.24082,0.24111,0.2414,0.2417,0.24199,0.24229,0.24259,0.24288,0.24318,0.24347,0.24377,0.24406,0.24435,0.24464,0.24493,0.24522,0.2455,0.24579,0.24608,0.24637,0.24665,0.24694,0.24723
0,-2.8959,3.2449e-15,1.0313,0.14041,0.13044,0.54186,0.27849,0.13345,0.3179,0.23062,0.12224,0.20485,0.19285,0.13109,0.164,0.17663,0.1522,0.16885,0.18702,0.18253,0.19293,0.20858,0.21171,0.21815,0.22821,0.23167,0.23435,0.23871,0.23977,0.23928,0.23945,0.23821,0.23589,0.23395,0.23169,0.22906,0.22684,0.22488,0.22302,0.22163,0.22069,0.22005,0.21982,0.21997,0.22038,0.22104,0.22192,0.22292,0.22398,0.22508,0.22616,0.22718,0.22811,0.22894,0.22964,0.23023,0.23069,0.23104,0.2313,0.23147,0.23158,0.23164,0.23167,0.23168,0.2317,0.23173,0.23179,0.23188,0.23201,0.23217,0.23237,0.23261,0.23288,0.23318,0.2335,0.23383,0.23418,0.23454,0.2349,0.23525,0.2356,0.23594,0.23627,0.23659,0.23689,0.23719,0.23747,0.23775,0.23802,0.23828,0.23854,0.2388,0.23906,0.23932,0.23958,0.23984,0.24011,0.24038,0.24065,0.24093,0.24121,0.2415,0.24179,0.24208,0.24237,0.24266,0.24296,0.24325,0.24355,0.24384,0.24413,0.24443,0.24472,0.24501,0.2453,0.24559,0.24588,0.24617,0.24646,0.24675
0,-3.3385,4.7012e-15,1.0314,-0.35886,0.27796,0.62321,0.072251,0.13514,0.34633,0.1052,0.070676,0.20556,0.12435,0.084835,0.15979,0.14922,0.13027,0.17355,0.18685,0.18244,0.20682,0.2226,0.22356,0.2352,0.2451,0.24529,0.24818,0.25117,0.24878,0.24646,0.24479,0.24075,0.2365,0.23314,0.22924,0.22549,0.22271,0.22027,0.21827,0.21712,0.21653,0.21639,0.21683,0.21769,0.2188,0.22018,0.22171,0.22326,0.22481,0.22628,0.22762,0.2288,0.2298,0.2306,0.23121,0.23165,0.23193,0.23207,0.2321,0.23205,0.23195,0.23182,0.23169,0.23158,0.23151,0.23148,0.23151,0.23159,0.23174,0.23194,0.2322,0.2325,0.23284,0.23321,0.23359,0.23399,0.23439,0.23479,0.23518,0.23556,0.23592,0.23626,0.23659,0.2369,0.23719,0.23747,0.23773,0.23799,0.23823,0.23848,0.23872,0.23897,0.23921,0.23946,0.23972,0.23998,0.24025,0.24052,0.2408,0.24108,0.24137,0.24166,0.24196,0.24226,0.24255,0.24285,0.24315,0.24345,0.24375,0.24404,0.24434,0.24463,0.24492,0.24521,0.2455,0.24579,0.24608,0.24636,0.24665,0.24694
0,-3.1401,-8.9105e-16,0.98715,-0.57226,0.17977,0.51735,-0.095797,0.035798,0.31026,0.057334,0.053526,0.23109,0.15286,0.12625,0.22176,0.21081,0.19029,0.23722,0.24461,0.23109,0.24952,0.25624,0.24647,0.24986,0.25163,0.24364,0.24051,0.23886,0.23261,0.22814,0.22571,0.22173,0.21858,0.21717,0.21563,0.21459,0.21474,0.21516,0.21584,0.21714,0.21864,0.22017,0.22187,0.22356,0.2251,0.22654,0.22782,0.22888,0.22973,0.23039,0.23085,0.23113,0.23127,0.23128,0.2312,0.23107,0.23091,0.23075,0.2306,0.2305,0.23044,0.23044,0.23051,0.23064,0.23083,0.23108,0.23138,0.23172,0.23209,0.23249,0.2329,0.23331,0.23372,0.23411,0.2345,0.23487,0.23522,0.23555,0.23586,0.23615,0.23642,0.23669,0.23694,0.23718,0.23742,0.23766,0.2379,0.23814,0.23839,0.23864,0.2389,0.23916,0.23943,0.23971,0.23999,0.24028,0.24057,0.24087,0.24116,0.24146,0.24176,0.24206,0.24236,0.24265,0.24295,0.24324,0.24353,0.24382,0.24411,0.2444,0.24469,0.24497,0.24526,0.24555,0.24583,0.24612,0.24641,0.24669,0.24698,0.24727
0,-2.7503,-8.2326e-16,0.89698,0.081341,0.050403,0.40528,0.18013,0.025507,0.17699,0.11265,0.021303,0.10435,0.11364,0.075547,0.12069,0.15177,0.14719,0.17561,0.20495,0.21142,0.2274,0.24613,0.2514,0.25683,0.26383,0.26365,0.26141,0.26,0.25544,0.24939,0.24419,0.2383,0.23209,0.22697,0.22244,0.21839,0.21549,0.21355,0.21234,0.21205,0.21254,0.21357,0.2151,0.21702,0.21912,0.2213,0.22349,0.22555,0.22742,0.22906,0.23043,0.23151,0.23232,0.23285,0.23315,0.23324,0.23317,0.23297,0.23269,0.23237,0.23205,0.23175,0.2315,0.23132,0.23122,0.23121,0.23129,0.23145,0.23169,0.232,0.23237,0.23277,0.23321,0.23367,0.23413,0.23459,0.23504,0.23546,0.23587,0.23624,0.23659,0.23692,0.23721,0.23749,0.23775,0.23799,0.23823,0.23845,0.23868,0.2389,0.23913,0.23937,0.23961,0.23986,0.24012,0.24038,0.24066,0.24094,0.24123,0.24153,0.24183,0.24213,0.24243,0.24274,0.24304,0.24334,0.24364,0.24394,0.24424,0.24454,0.24483,0.24512,0.24541,0.2457,0.24598,0.24627,0.24655,0.24684,0.24713,0.24741
0,-3.0199,5.2888e-16,0.9255,-0.14936,0.35632,0.60622,0.20361,0.21716,0.37149,0.18418,0.1313,0.22104,0.15428,0.10987,0.15627,0.14475,0.12474,0.15392,0.16491,0.16239,0.18237,0.19823,0.2031,0.2159,0.22811,0.23278,0.23883,0.24473,0.24603,0.24656,0.24699,0.24506,0.24228,0.23966,0.23624,0.23255,0.22934,0.22625,0.22342,0.22124,0.21959,0.21839,0.2178,0.21773,0.21805,0.21878,0.21981,0.22103,0.22239,0.22382,0.22523,0.22658,0.22783,0.22893,0.22986,0.23063,0.23123,0.23167,0.23197,0.23214,0.23221,0.2322,0.23215,0.23206,0.23198,0.23191,0.23187,0.23187,0.23191,0.23201,0.23217,0.23237,0.23263,0.23292,0.23325,0.2336,0.23398,0.23436,0.23475,0.23514,0.23552,0.23588,0.23624,0.23658,0.2369,0.23721,0.2375,0.23778,0.23805,0.23831,0.23856,0.23881,0.23906,0.23931,0.23956,0.23981,0.24007,0.24033,0.2406,0.24087,0.24115,0.24144,0.24173,0.24202,0.24231,0.24261,0.24291,0.2432,0.2435,0.2438,0.24409,0.24439,0.24468,0.24498,0.24527,0.24556,0.24585,0.24614,0.24643,0.24672
